{
    "uid": "7a529463-8f7f-4194-92f4-45917f558abc",
    "name": "3_Linear",
    "preprocessing": [
        {
            "scale": [
                {
                    "scale": [
                        48040.494671516964,
                        2.80439973117017,
                        2.049864830294544,
                        2.9705616777772876,
                        1.9194397164374315,
                        2.065057211132694,
                        2.54761392424369,
                        2.035163040677249,
                        2.1416958926951772,
                        1.5316260819951801,
                        2.218625668988769,
                        2.2828639825830046,
                        1.671697242819897,
                        2.6057222843949637,
                        198.57323196129465
                    ],
                    "mean": [
                        93975.8344901228,
                        -0.3138102568772501,
                        0.2574880230170836,
                        -0.4671369814221966,
                        0.30024778271375113,
                        -0.2053063641523114,
                        -0.3972226749930589,
                        0.07175769066729165,
                        -0.3788383126519517,
                        0.2731434737353813,
                        -0.4009271004693616,
                        -0.45655262663104645,
                        -0.2707765835509588,
                        -0.4366257092383977,
                        85.65398469478555
                    ],
                    "var": [
                        2307889128.2840495,
                        7.86465785218732,
                        4.201945822478481,
                        8.824236681479015,
                        3.684248825037407,
                        4.264461285251139,
                        6.490336707000334,
                        4.141888602138666,
                        4.586861296787393,
                        2.345878455047906,
                        4.9222998590958635,
                        5.211467962974737,
                        2.794571671651646,
                        6.789788623392507,
                        39431.32845155413
                    ],
                    "n_samples_seen": 5619,
                    "n_features_in": 15,
                    "columns": [
                        "Time",
                        "V1",
                        "V2",
                        "V3",
                        "V4",
                        "V5",
                        "V7",
                        "V8",
                        "V10",
                        "V11",
                        "V12",
                        "V14",
                        "V16",
                        "V17",
                        "Amount"
                    ],
                    "scale_method": "scale_normal"
                }
            ],
            "ml_task": "binary_classification",
            "params": {
                "columns_preprocessing": {
                    "Time": [
                        "scale_normal"
                    ],
                    "V1": [
                        "scale_normal"
                    ],
                    "V2": [
                        "scale_normal"
                    ],
                    "V3": [
                        "scale_normal"
                    ],
                    "V4": [
                        "scale_normal"
                    ],
                    "V5": [
                        "scale_normal"
                    ],
                    "V7": [
                        "scale_normal"
                    ],
                    "V8": [
                        "scale_normal"
                    ],
                    "V10": [
                        "scale_normal"
                    ],
                    "V11": [
                        "scale_normal"
                    ],
                    "V12": [
                        "scale_normal"
                    ],
                    "V14": [
                        "scale_normal"
                    ],
                    "V16": [
                        "scale_normal"
                    ],
                    "V17": [
                        "scale_normal"
                    ],
                    "Amount": [
                        "scale_normal"
                    ]
                },
                "target_preprocessing": [
                    "na_exclude"
                ],
                "ml_task": "binary_classification"
            }
        }
    ],
    "learners": [
        {
            "library_version": "0.23.2",
            "algorithm_name": "Logistic Regression",
            "algorithm_short_name": "Linear",
            "uid": "c3650a73-eb13-42d2-8bbb-5da4ff0edea6",
            "params": {
                "model_type": "Linear",
                "ml_task": "binary_classification",
                "seed": 1235,
                "explain_level": 2
            }
        }
    ],
    "params": {
        "additional": {
            "max_steps": 1,
            "max_rows_limit": null,
            "max_cols_limit": null
        },
        "preprocessing": {
            "columns_preprocessing": {
                "Time": [
                    "scale_normal"
                ],
                "V1": [
                    "scale_normal"
                ],
                "V2": [
                    "scale_normal"
                ],
                "V3": [
                    "scale_normal"
                ],
                "V4": [
                    "scale_normal"
                ],
                "V5": [
                    "scale_normal"
                ],
                "V7": [
                    "scale_normal"
                ],
                "V8": [
                    "scale_normal"
                ],
                "V10": [
                    "scale_normal"
                ],
                "V11": [
                    "scale_normal"
                ],
                "V12": [
                    "scale_normal"
                ],
                "V14": [
                    "scale_normal"
                ],
                "V16": [
                    "scale_normal"
                ],
                "V17": [
                    "scale_normal"
                ],
                "Amount": [
                    "scale_normal"
                ]
            },
            "target_preprocessing": [
                "na_exclude"
            ],
            "ml_task": "binary_classification"
        },
        "validation_strategy": {
            "validation_type": "split",
            "train_ratio": 0.75,
            "shuffle": true,
            "stratify": true,
            "X_path": "Automl_output/X.parquet",
            "y_path": "Automl_output/y.parquet",
            "results_path": "Automl_output"
        },
        "learner": {
            "model_type": "Linear",
            "ml_task": "binary_classification",
            "seed": 1235,
            "explain_level": 2
        },
        "ml_task": "binary_classification",
        "explain_level": 2,
        "name": "3_Linear",
        "status": "initialized",
        "final_loss": null,
        "train_time": null
    },
    "saved": [
        "Automl_output/3_Linear/learner_1.linear"
    ],
    "predictions_fname": "Automl_output/3_Linear/predictions_validation.csv",
    "metric_name": "logloss",
    "final_loss": 0.0481050453128485,
    "train_time": 5.411024570465088,
    "is_stacked": false,
    "threshold": 0.5034179618415474
}