feature,mean_importance
Time,0.0
V27,0.0
V25,0.0
V24,0.0
V23,0.0
V22,0.0
V21,0.0
V20,0.0
V19,0.0
V18,0.0
V16,0.0
V15,0.0
V28,0.0
Amount,0.0
V12,0.0
V11,0.0
V9,0.0
V8,0.0
V7,0.0
V6,0.0
V5,0.0
V3,0.0
V2,0.0
V1,0.0
V13,0.0
V4,0.009913694474458935
V26,0.012243882739768223
V10,0.04152873040245588
V14,0.350139170036313
V17,0.6803069199218664
