feature,shap_importance
V14,0.06813812263759719
V17,0.028116062113728336
V10,0.016564935438028006
V4,0.00817418236285891
V26,0.004185368150055106
Time,0.0
V28,0.0
V27,0.0
V25,0.0
V24,0.0
V23,0.0
V22,0.0
V21,0.0
V20,0.0
V19,0.0
V18,0.0
V15,0.0
V16,0.0
V1,0.0
V13,0.0
V12,0.0
V11,0.0
V9,0.0
V8,0.0
V7,0.0
V6,0.0
V5,0.0
V3,0.0
V2,0.0
Amount,0.0
